{"count":1,"self":66.7049536,"total":69.920785999999993,"children":{"InitializeActuators":{"count":1,"self":0.001686,"total":0.001686,"children":null},"InitializeSensors":{"count":1,"self":0.001483,"total":0.001483,"children":null},"AgentSendState":{"count":5163,"self":0.023903999999999998,"total":0.222734,"children":{"CollectObservations":{"count":1040,"self":0.148023,"total":0.148023,"children":null},"WriteActionMask":{"count":1040,"self":0.0021119999999999997,"total":0.0021119999999999997,"children":null},"RequestDecision":{"count":1040,"self":0.0055969999999999995,"total":0.048694999999999995,"children":{"AgentInfo.ToProto":{"count":1040,"self":0.006509,"total":0.043098,"children":{"GenerateSensorData":{"count":1040,"self":0.036588999999999997,"total":0.036588999999999997,"children":null}}}}}}},"DecideAction":{"count":5163,"self":2.9524369999999998,"total":2.9524369999999998,"children":null},"AgentAct":{"count":5163,"self":0.035317999999999995,"total":0.035317999999999995,"children":null},"AgentInfo.ToProto":{"count":15,"self":0.00011399999999999999,"total":0.000548,"children":{"GenerateSensorData":{"count":15,"self":0.000434,"total":0.000434,"children":null}}}},"gauges":{"Walker.CumulativeReward":{"count":15,"max":217.083115,"min":56.6451378,"runningAverage":131.006332,"value":120.542564,"weightedAverage":147.297}},"metadata":{"timer_format_version":"0.1.0","start_time_seconds":"1680640027","unity_version":"2020.3.6f1","command_line_arguments":"\/home\/beaussant\/dev_mlagents\/min_ml-agents\/ml-agents\/mlagents\/trainers\/envs\/CustomWalker.x86_64 --mlagents-port 5045 -logFile osef\/Player-40.log -evalMode false","communication_protocol_version":"1.5.0","com.unity.ml-agents_version":"2.2.1-exp.1","scene_name":"Walker","end_time_seconds":"1680640097"}}